data_source,repeat,sample_count,rmse,mae,error
yf_only,1,113,0.6981845876434134,0.6861678300393704,
epu,1,113,0.5758545155173685,0.5187603127893656,
sentiment,1,113,0.5580281304721931,0.5394537817721243,
both,1,113,0.48233364581456556,0.45194084808250934,
